,0,1,2,3,4,5,6,7,8,9,10,11,12,13,14,15,16,17,18,19,20,21,22,23,24,25,26,27,28,29,30,31,32,33,34,35,36,37,38,39,40,41,42,43,44,45,46,47,48,49,50,51,52,53,54,55,56,57,58,59,60,61,62,63,64,65,66,67,68,69,70,71,72,73,74,75,76,77,78,79,80,81,82,83,84
35300063,1541.1207394473574,1393.4100569058821,1241.8593143222238,785.3980215626872,538.9814191824796,464.0326265298374,400.5434095823782,521.9551834640612,858.4862487836671,1061.0772412706333,1340.4293908440281,1382.2525781769534,1445.8499402132773,1479.850971147915,1512.3973666799318,1578.4824183932105,1708.6811594016574,1760.5544580022213,1803.2651582278988,1893.837527668457,1984.3715777032432,2074.29117050488,2168.3138367626166,2253.338421378913,2350.624816420813,2439.2632581749695,2658.621943379408,2763.288144666457,2868.4286128010513,3009.9492445642018,3160.3430657996155,3435.7640001580476,3565.911050870057,3685.304131308278,3841.216528914743,3893.2503920673844,4059.9093114093534,4197.945208719125,4422.467119753135,4562.329376096984,4704.6429760888495,4792.244175405532,4868.026688775279,4889.710482527072,5040.660023211808,5146.382951671914,5273.133044097523,5415.727283047639,5557.32940020219,5661.295469594761,5787.655482176839,5907.251911141882,6001.299658372407,6084.908703833099,6176.198122185687,6266.812286513056,6475.238146605376,6564.924423122841,6583.327108795077,6763.75860842097,6915.408357209282,7022.9499102815835,7148.269442185202,7365.039535601558,7635.923506736462,7849.029681339037,8041.57135400065,8205.637754236159,8258.529945483064,8348.041833721896,8445.825844893934,8577.905849961166,8673.996829438802,8785.841531899334,8877.886995010998,8974.409322835143,9068.924045113117,9157.048388934407,9238.907692679539,9325.740570796546,9399.100984618084,9498.03678122809,9880.07057784249,9900.77195174975,10263.682596799343
35300065,1696.1600356070933,1548.2884097657898,1389.1446169390142,897.3891091052493,597.0194927394111,467.19640103643536,270.12019627749936,171.11416264467962,566.998476781492,786.5093383724017,1078.8257719178864,1123.4040541766713,1187.8775980964683,1224.142667731388,1256.9561247982078,1325.320559925515,1458.9535378935893,1510.926628215373,1555.3407088453814,1647.68710668668,1739.8721067743509,1830.0693523336065,1925.3833073669207,2011.1001014116825,2109.550786196556,2198.3572719698445,2419.451821839761,2517.4090196707048,2617.1380774040776,2750.9372124927636,2890.742447672586,3149.788329433585,3274.947900890542,3388.2669520369273,3538.3808008398782,3588.5427133107382,3750.0038584343843,3884.3796242347257,4103.921691474947,4241.159504503264,4381.153745951029,4467.152139547126,4541.825555254896,4563.054125036781,4712.507146775428,4816.70790079961,4942.622678997869,5083.7986919176665,5224.438972536861,5327.858334274115,5453.736814769055,5572.583463453308,5666.365448715294,5749.423107649696,5840.340406561691,5930.522778528549,6138.034496056788,6227.300744981554,6247.099131224164,6426.942470124119,6576.482339213299,6683.42833067898,6808.35126891562,7024.194600634695,7294.348481054008,7506.432724246111,7701.589062915381,7864.048216045654,7915.019862153272,8004.1730087218475,8101.612538707322,8238.019661166538,8333.699525837814,8445.05221295137,8536.719371335648,8632.883272539271,8727.056633195842,8814.88321323489,8896.419520880248,8982.977283366814,9056.100992510152,9157.582709067652,9538.050542493469,9561.776431614773,9919.97353831901
35300066,2229.623661667753,2081.0965693985154,1923.4708577611918,1436.3236951562965,1140.3213644900368,1013.8810248916761,818.0742987523715,483.58614544484897,289.99188882973147,389.4118701919866,629.7191445512746,667.8115261633382,729.1210975222399,760.820681895078,792.613685159275,856.3545057082982,983.5304654695815,1034.9760431117013,1076.7483906837444,1166.2629597498283,1255.9840071009444,1345.572853764234,1439.091559301578,1523.830168915994,1620.7863721861802,1709.3026835246633,1928.291588018908,2033.7958037198107,2139.980973296501,2283.644396860891,2438.4429385651674,2724.3281280034876,2858.580867344197,2983.899740770002,3146.2443715089075,3200.5631694593467,3374.0996863841924,3517.5053361346713,3750.130422026049,3894.682577656386,4041.4019961912145,4132.285440868425,4210.388083805932,4233.082979626157,4387.192442060953,4496.481462326353,4625.0509195296045,4771.126834725666,4915.072228604063,5020.350095607067,5147.800895181879,5269.374812209501,5364.004622216498,5449.148325764136,5541.408944541668,5633.215545370766,5844.223476612803,5935.156408159477,5948.796352827482,6130.795442439075,6289.545673029409,6399.088822513928,6525.670853270662,6745.670775967586,7019.050509751187,7236.165844614994,7417.667081261029,7587.890798367462,7649.121656030657,7740.174774420151,7839.457447866014,7952.871697615237,8050.411171179597,8164.037705464406,8257.47959245495,8355.341979351246,8451.156960301769,8540.431088400284,8623.578760434757,8711.509354031747,8785.831837806238,8874.080125872104,9262.032163353893,9270.957134315864,9652.707267021015
35300070,2737.6435789884817,2594.679332685716,2435.624936255342,1948.5828643618931,1651.5469298947858,1517.0963244304294,1311.201029715756,946.1620881886593,560.3500938600283,390.6899853107733,293.81321646846857,308.5405744008097,325.49944868245836,348.9009456774755,363.93847417096146,410.00218529426803,512.7366466376748,552.1545330814641,593.2520077950132,675.050462553308,759.2752177320654,839.7436990963716,929.6070070240658,1010.2638567110363,1104.9563737825908,1188.9046460624063,1403.648979580803,1483.3438992319238,1569.465341596901,1686.7096443523053,1808.747708008342,2049.167385181253,2170.9231519959153,2281.781028001131,2431.2661593756447,2481.612546089461,2644.6453822187977,2781.123573668465,3004.97265816123,3145.209855706087,3288.30941855919,3376.7286202232244,3453.208586961903,3475.217950733589,3627.333230066581,3734.51112486767,3862.1124277714657,4006.3943447827155,4149.239111779371,4253.940697642875,4380.946611839061,4501.686504975578,4596.107264596195,4680.633722508862,4772.533195374635,4863.897601864942,5073.99490812952,5164.503212829095,5179.991120279438,5361.432749428241,5517.667677425882,5626.601009042934,5752.833332911636,5971.95419851707,6244.732640573549,6460.902749892537,6645.501078418346,6813.954669614871,6873.17642157174,6963.925787131,7062.928601156716,7181.202103051185,7278.297902408452,7391.398378892802,7484.444861463949,7581.942291737444,7677.414981960197,7766.396678464749,7849.223740845846,7936.89277758438,8010.991743744359,8102.253322610489,8488.511588541209,8501.209250138145,8877.463204385574
35300087,1570.2150413019797,1454.3453387819009,1317.9023625117543,959.2906840438759,811.5968345619916,760.9096260334678,739.2773819813215,855.0039651838945,1134.6725185546172,1310.4305025527672,1557.1594909169164,1599.6366844064032,1653.2364709519077,1688.8675919251973,1716.304126382911,1779.103264872372,1901.474557267382,1946.2939350385493,1989.576874814986,2075.301173068486,2161.538310608794,2242.871594871763,2332.5416850766546,2412.439376109521,2505.9596452551004,2588.245890753307,2798.9451088243277,2870.1071116060366,2946.49492690676,3046.7803024461095,3141.208181239329,3322.675622386206,3420.699650170971,3501.660811681842,3618.0042349228215,3656.941039002183,3785.717611402875,3895.715204552355,4080.012373550623,4197.600431610852,4319.4630437850265,4393.016531246887,4458.625610235043,4476.323701372644,4612.3359085439615,4703.755128827871,4821.25151548098,4949.484457502248,5080.508000347501,5178.081176721301,5298.293448552453,5409.540905575723,5499.891332873505,5577.429242489976,5664.148003019794,5749.672047845419,5947.129916120413,6031.8517788527615,6062.918367873183,6235.971620002227,6366.153506992976,6466.819124841858,6587.022212851105,6792.514860790788,7053.616196739232,7254.271301715598,7472.291596565346,7618.931628994123,7650.913588558599,7735.838447132818,7829.106723350662,8005.921094050306,8097.343724554017,8203.580240988771,8291.245128850995,8383.536893871034,8473.984292794383,8558.510077706422,8636.517850050657,8719.959958498182,8790.396388269268,8915.195374233486,9279.426703163623,9330.172587041692,9643.232753247326
35300110,4759.32790927198,4622.128160761711,4465.976986475329,3991.124905581669,3702.0735752608844,3569.7623686609013,3368.5968945375994,3011.8979548024718,2620.185465871528,2418.879801661795,2155.558862840208,2118.8090867609512,2059.7445875872263,2031.0488181247836,2001.0425536009725,1943.637979984813,1832.0967545190333,1785.823903709218,1752.3137594384482,1678.3819713632865,1606.6906794365152,1532.9747364626342,1462.4413270959815,1399.3863950658676,1332.7881350247162,1270.8215619590023,1143.475028948902,1030.9199628097767,926.9846066261059,781.4540246831273,597.6240980203287,295.5055171242765,237.51918723997764,241.04410240071996,364.15465950247204,415.75462606899106,593.5943437684748,746.0183802323739,995.052297717983,1149.4955103233451,1305.341640999164,1403.7359977775598,1486.7046007615047,1511.9292845635323,1671.0564202126493,1788.2892622730847,1918.5247436860398,2071.166726519615,2218.2136536902576,2324.5937623106765,2451.9871927437093,2576.4671162424283,2670.556958554216,2758.2647033183107,2851.3029889648974,2944.590509792256,3158.688927257938,3251.393745946208,3251.5294158446095,3434.7669413002754,3610.29018786446,3723.5269579668657,3851.497782438027,4076.88368465668,4352.967226369087,4577.882808199403,4728.374326951056,4912.267691512088,4994.627962307393,5088.66394860769,5190.727790589562,5255.878930374823,5356.018199355837,5472.918097863117,5568.906835391371,5669.1610825615735,5767.303823658819,5858.611250592346,5944.18461581822,6034.055960307074,6110.109239650301,6173.007914287303,6571.8402172337255,6555.270790309899,6976.320001310907
35300120,3327.667478005838,3183.380068377283,3023.8458442223705,2533.717384092569,2233.72180797573,2098.656923219205,1890.3523989493408,1515.836000833206,1099.2845536028449,884.3852192657898,605.5406548026444,566.5782391978958,506.0941309575465,476.78264837839595,446.8160020272853,391.45426695276774,297.2431306525971,263.78446961091225,250.4357731412698,237.3321687925139,259.13899266288837,299.7298068204087,367.9555756062514,436.3324046318209,522.9596959859755,601.3278659142433,809.9004515322744,885.5453686912228,971.5017596861892,1092.510413757782,1225.0936361685633,1492.5768434181234,1624.7880074288755,1749.6049794555915,1913.5504001320626,1968.8177177261343,2146.048820256099,2292.98788347215,2531.6460896168796,2679.951982373027,2830.2992196548203,2924.061584131857,3004.1668680883645,3027.8044028789723,3184.444886936028,3296.9920607373497,3426.8503462466538,3575.969755605577,3721.750069996206,3827.941382797316,3955.966795053715,4079.139952826515,4173.97018425442,4260.416476065382,4353.334453642394,4446.052832468063,4659.011816251641,4750.946045653612,4759.348440505697,4942.363685007908,5108.252150331561,5219.5974244017325,5347.109754783204,5569.906342953371,5845.119746319815,6065.993266262898,6234.922166974192,6411.268128346237,6481.510574991234,6574.016934338901,6674.68701375787,6767.668884840675,6866.485888490488,6981.708144984504,7076.398928838645,7175.448601029952,7272.419842699527,7362.7117084413785,7447.040976690447,7535.946656251998,7611.132952151129,7688.18537152769,8081.4617746078775,8078.712270047215,8478.77469159117
35300121,3452.4171559453466,3304.8962261785364,3145.461040017413,2652.728394514033,2350.711207768026,2217.302730179101,2009.3330004283794,1632.0048004279736,1208.2840391299644,988.2156472433513,701.2903377248712,655.9821140959677,595.8684281065015,558.7924328623645,528.8737015478183,463.3813217677145,340.87229562225417,300.25723789514467,261.3002070306189,198.29272484791687,165.46362988330242,187.57711159886384,241.66800362371882,309.58060525186085,394.66376601297753,478.30381040696886,689.0115966910147,801.9167782654242,914.8378868570505,1070.0114217438015,1245.5539761538676,1570.9476977392967,1717.5162930685415,1861.3495345955123,2041.4182845344224,2101.8467974618284,2292.682540276724,2448.69381914969,2699.0433396227563,2853.2344322228473,3008.5468249411747,3106.244162948624,3188.7525660861684,3213.6517862694386,3372.5223649890186,3488.760860707331,3619.187217654625,3771.1512573145405,3918.126449745189,4024.6506492531494,4152.435520449044,4276.747563107786,4371.173200242208,4458.660687329165,4551.787661756582,4645.038084930067,4859.078382763363,4951.676637017778,4953.768572050152,5137.0902603325485,5310.499908751498,5423.323089673442,5551.280935643116,5776.126156522735,6052.180330433732,6276.06262852313,6431.127954063252,6613.595392626052,6692.730663498782,6786.353776986779,6888.043129469531,6959.471611549881,7059.486656087431,7176.205335633948,7272.03892602434,7372.139770634838,7470.122961759112,7561.285467361047,7646.664529385373,7736.383612924411,7812.293583627189,7876.936686095171,8275.397043694864,8258.99558132067,8678.958580488445
35300122,3943.107530098582,3795.842541373544,3636.269539003796,3143.3303581478335,2841.1239541126038,2707.281200491364,2498.817354515328,2120.6878830187757,1695.6052860855439,1474.0811669138338,1182.6956723983262,1137.0861437867513,1074.334109662357,1036.989363980916,1005.2298396209767,936.9624769225642,804.5936740955348,755.0656391674073,710.1503730252721,619.8360141937404,530.3471335888993,447.35534257270876,359.5604459452083,286.6292130630872,211.95737807794995,174.21948888993674,241.18664581501318,362.36132468319573,479.32256679226595,642.8143260646427,835.9387990018421,1186.5599385340713,1337.7282243829006,1491.6098314931476,1679.1316252353283,1742.1560641838323,1939.6193397717,2099.9763506212594,2355.7932343659086,2512.676237914023,2670.1283113563363,2770.1253524864946,2853.7655536398292,2879.5505728597427,3038.465559907613,3156.9193430596247,3286.395678510392,3439.5728217632945,3586.294784526904,3692.1721267279936,3818.6141762536145,3943.0565031470646,4036.35733783996,4124.240601774126,4216.922838987917,4310.0767209168735,4523.851862971389,4616.568449172554,4612.441130141006,4795.067532104548,4974.9867691887375,5088.73608460635,5216.544764943118,5442.46313246584,5718.26067042327,5944.358269055462,6085.225115216366,6273.050383797992,6360.8108906819125,6455.2824933584925,6557.708466877935,6607.83771952317,6708.712240543159,6826.541003047338,6923.216373959303,7024.071228211857,7122.785477429659,7214.568186619213,7300.759772560054,7391.06132512324,7467.50337465219,7520.318062345497,7922.802453223163,7894.007137585637,8331.547748523426
35300130,4739.722777604337,4596.802832703342,4437.693328943229,3949.65790244598,3650.955044508478,3516.040097770566,3308.3602089634487,2935.150363660968,2518.5377995418708,2301.6572982835237,2015.041980771306,1972.6394952001153,1908.8797600217326,1874.8745828901829,1842.3832112353373,1776.8211689063423,1648.7282732755032,1597.4399811003875,1556.361375625302,1468.7887751397677,1382.114156967726,1295.1340361110142,1206.535501198765,1126.6500073851707,1037.5560767894551,955.6094009678962,765.6898353415329,644.3539103377605,526.8212035460024,364.74843887185654,194.6625152329704,256.3397660849455,386.61667958814473,541.5881546193083,726.3425451314744,789.3791805618873,986.2422665436219,1146.0366418193257,1400.8262188846215,1557.0662644683284,1713.6847587713146,1814.4047279070944,1897.8514447043713,1924.1855992696899,2080.721595602353,2199.910853726584,2326.8194842701723,2479.5597658431348,2624.616089853116,2728.953876929647,2853.1518927721204,2976.835143815186,3068.522544894441,3156.222548232633,3247.986929283896,3340.55825223421,3553.0681347860977,3645.470983804729,3636.366003750778,3817.796398541806,4002.154968601632,4116.2471850193815,4243.516019437531,4469.5863104936125,4744.426943361062,4971.661277245571,5102.069046014137,5293.183180326067,5387.014113528134,5481.932676148344,5584.710933803872,5620.3363488383,5721.598883073451,5839.951463518656,5937.020934525056,6038.216431866448,6137.264057390583,6229.323769990697,6315.920630221094,6406.4840127418665,6483.174258023096,6529.131249909036,6933.468409176751,6898.516301663618,7344.839129089498
35300131,4433.725788398155,4293.289314963098,4135.31547221936,3652.728287999146,3358.1415154969327,3224.1774753075965,3019.2280396017513,2653.457282045922,2248.8985172113944,2039.9986543127998,1765.952150374926,1726.8889693557458,1665.7114126767872,1634.9641540822329,1603.8755638846044,1543.320446023101,1425.7546263146212,1377.6318385274403,1341.7549348571608,1263.7161234698838,1188.0614062580073,1111.188542653587,1037.3618627052456,972.1041105793109,904.0603103835574,842.3171715414759,725.8424978696288,620.157896879605,528.3541550912212,411.2785354845427,289.29957104459805,342.5146813705112,464.8882126169466,592.0068648233932,765.4474792868779,824.7281765169511,1014.2867608139252,1170.5474075191019,1422.1788941328423,1577.3365135325078,1733.5782818656446,1832.2368730832766,1915.307389749032,1940.5911514552547,2099.736534399761,2217.0659386669518,2347.2751417909208,2499.957110442229,2647.0006734643957,2753.3660068161325,2880.719285268744,3005.2075118207454,3099.257477201327,3186.983801056162,3280.0075298258107,3373.294013668525,3587.387903767045,3680.0997553198454,3679.871120933774,3863.069079867407,4038.9888065952864,4152.260623910884,4280.228492153058,4505.648450770101,4781.727707863964,5006.688939211029,5156.442827842656,5340.751339718835,5423.432121156601,5517.478625213012,5619.5485304989625,5683.384322239676,5783.634192702967,5900.667090266019,5996.750944825451,6097.086744106187,6195.3044721124115,6286.672806284966,6372.320214461258,6462.243078197865,6538.341107926752,6599.954345765365,6999.34016007258,6980.887645854002,7404.367531776888
35300132,4136.664755751914,3991.327428790848,3831.5655495845776,3339.6986931886568,3038.2368276630637,2903.2054897968223,2694.1446681262846,2316.5335083813025,1893.017453221928,1672.0170340121174,1379.7452577056054,1335.504933259486,1271.0226583038825,1235.2367238089626,1202.3913715743474,1134.6095726611284,1002.2613880559838,950.1980796152758,906.85297753684,815.8930766789083,725.5428539651908,635.9915861399488,543.3385323141415,460.1589765217309,367.3001713464833,283.7059551426507,129.44861967438635,79.54023200166631,158.9035459041898,308.64306122428115,490.2009632022472,833.4021034534447,984.063523810045,1136.3162995017035,1323.0476210952777,1385.8172386559052,1582.7469602121744,1742.824593706871,1998.3601858963393,2155.129969595813,2312.5101459824064,2412.391939614147,2495.993969229718,2521.731871350161,2680.7103124917517,2799.0655816008466,2928.648444637122,3081.79601684155,3228.579810841274,3334.533814070181,3461.113400337001,3585.581639144803,3678.999625950861,3766.8744618077567,3859.6187449625236,3952.805204596975,4166.656597327598,4259.3845713240025,4255.874604732959,4438.627519924519,4617.918092602641,4731.605938143087,4859.452515212493,5085.314820356236,5361.1803477742915,5587.117393003362,5729.5465192328775,5916.73852793916,6003.642880616946,6098.053378903481,6200.429787207402,6253.080345711428,6353.839079410344,6471.51914484656,6568.0851044864485,6668.845599510415,6767.469769204039,6859.1781316480065,6945.269163587122,7035.503360140633,7111.883767678156,7166.532599452798,7568.38890059511,7541.896757081874,7976.3885304163305
35300134,5059.351419077029,4918.4353578148975,4760.195927267553,4276.202738672697,3980.3678375885543,3846.04822751775,3640.1273885004407,3271.484891494602,2861.493686364572,2648.5040245042956,2367.298882786138,2326.286365031405,2263.450472528535,2230.734628721411,2198.7116117586866,2134.9488461060387,2010.3264901356845,1959.9189197711178,1920.445610291782,1835.4995243467429,1751.5917004086948,1666.7690282802516,1581.1550326658253,1503.805140167138,1417.8870803708526,1338.3275424113867,1153.8259587852606,1032.307362888997,914.7547551928327,751.7328365591698,566.5635714403277,285.91294899598984,222.05480543146714,279.91736459446065,413.8653334704279,468.6803268268777,648.9029916085062,800.8479717372824,1047.7586042187395,1200.7212231871733,1354.629139010476,1454.7139514881392,1537.2116788097535,1563.655845732327,1717.4426905499606,1836.2728959217118,1960.948406567671,2112.703195979972,2256.249383929032,2359.392552518875,2482.0309615573306,2604.9961582604797,2695.6492571541535,2783.0699689884827,2874.1989771896274,2966.318075400536,3177.8830168269124,3270.0081904789276,3258.588324031197,3439.2771606147558,3625.4677587921587,3739.599508751063,3866.5061731432265,4092.4497309583207,4366.668590305165,4594.238309711771,4720.206344038816,4912.587476926394,5008.885337131104,5103.940765615686,5206.813244532203,5236.582858010937,5337.970875746821,5456.49740399465,5553.6958855302355,5654.998900648107,5754.151896723459,5846.297054396529,5933.0299711785065,6023.67353812713,6100.441949105828,6143.830919503918,6548.785463368836,6511.679002617517,6961.058809445519
35300136,5606.462857853841,5469.540871406422,5313.507128067289,4838.7087244284485,4549.26349303258,4416.748903924805,4215.007945050364,3856.219750623239,3459.6870026273123,3254.376112872071,2983.671517335088,2945.0353842820323,2884.125119976334,2853.5435915812022,2822.4942216214968,2761.8683057068615,2643.2509399247456,2594.540890994663,2557.6213953584515,2477.011947537712,2397.5537069073957,2316.327434816832,2235.320564284134,2161.8572217370365,2080.650858037512,2004.6996852207392,1828.8898745074907,1707.3289728219975,1590.0866481455616,1426.59851404115,1235.5965031893309,900.8935372771257,757.7163468573984,629.8549468849355,487.3811573509263,448.8928584268859,371.89011889045815,379.043374358859,507.0164821797867,624.8939466148307,756.4371361788094,848.7520796209453,924.7029120303653,950.4079165018868,1091.8175853996852,1206.9833552617715,1324.0040947489524,1471.4523841608545,1610.210272408856,1709.9961728677076,1828.661545862189,1949.570920915385,2037.851032474825,2124.4168576262678,2214.0758663225038,2305.111810900568,2514.5180715590395,2605.987258698698,2590.794082115347,2770.0768778365955,2958.888401305212,3072.937287055818,3199.137588160137,3424.662058159937,3697.7351351880284,3925.6287821933,4045.566425281021,4239.471152343512,4339.031524898698,4434.228866824312,4537.181475042496,4559.699630776386,4661.2022982023,4779.892631270665,4877.21254028488,4978.614656511568,5077.865491907939,5170.088848251314,5256.955528427534,5347.672917186957,5424.515266630234,5465.465823022942,5870.903690634664,5832.397667662276,6283.97278832792
35300298,2883.8033109639787,2735.3274334721195,2577.39866606234,2088.71243614532,1790.3990452718435,1661.155802511661,1459.1501585745732,1095.455713398857,703.3963228132767,522.2247450704712,368.9375450336355,354.73082491542465,359.0826444553092,356.83441214323574,367.1856245420272,387.5767869754009,457.90841930271756,497.24517868451636,525.7670734225596,597.3708356401672,673.7833176237118,755.8984969533974,841.3339946935713,920.9234166923429,1012.3903096007998,1098.0381927674052,1309.8278784130364,1422.5856351736213,1534.700865563507,1687.7407879744394,1857.909905944371,2171.11519136244,2313.9106402153166,2451.4529062018255,2625.63440075707,2683.996631606073,2869.035967464491,3020.8610617157965,3265.4014161949945,3416.475366864359,3569.0611882119665,3664.4478215128324,3745.54380751293,3769.657145144641,3927.2933235426535,4041.1914828856206,4171.391159296392,4321.546376138646,4467.827185156106,4574.215218311996,4702.285066316058,4825.884250916247,4920.674398074078,5007.476012686451,5100.517261344013,5193.443490670204,5406.824980494351,5498.986692403938,5505.654756030385,5688.8647071578125,5856.86528681846,5968.62758313479,6096.302463021467,6319.668713458853,6595.168718829153,6816.760672866584,6982.401885042792,7160.385925398682,7232.622772587379,7325.371342333096,7426.259113504728,7514.079041370576,7613.270705513882,7728.947040602367,7823.977865430904,7923.336718932991,8020.599756348462,8111.139368651285,8195.755640056692,8284.88452580848,8360.265116678174,8433.943000186517,8828.808820847973,8821.852163362175,9227.832484303492
35300344,10708.60319330592,10596.985194765233,10459.906011030998,10051.904988401075,9805.1259187636,9687.820623904678,9514.06645602201,9211.619881855504,8881.53787390234,8710.505216283553,8483.22674163432,8452.74518440108,8399.879544932564,8376.176251780184,8349.087603813907,8299.058618289653,8200.09266115451,8157.409656142887,8127.8229946363235,8060.027181877245,7993.050627198094,7922.063682463255,7852.843554624325,7788.997485152354,7718.687150912254,7650.937990528814,7493.405036002129,7372.724731924348,7256.935536742979,7094.142326525534,6899.187463866546,6548.387923791797,6397.443048776011,6245.453983712345,6060.1019919341525,5998.111729589432,5803.9468787859505,5646.443151968949,5395.3577526595445,5241.485631163874,5086.924178255934,4990.303188502721,4908.643880987082,4884.304422883681,4726.377725587089,4612.450432085312,4482.329636616008,4332.768492060708,4187.004245713003,4080.885134102357,3952.906171449992,3830.0651916642255,3735.248473098515,3649.257784665375,3556.6032052207142,3464.347972478878,3252.7179212325614,3161.6811979661684,3149.7854126724046,2967.093439327955,2808.0745821346236,2699.808334900672,2574.3981649514117,2359.0466369078354,2091.759478729722,1888.7420895561863,1681.0966949411727,1524.1805760842594,1501.0191512543822,1423.035676090978,1339.5331916521282,1144.7685850366602,1049.0878938185338,939.7606924161024,851.8280468086291,761.8831122245998,677.2017160806386,602.0946322868874,539.6629916020473,478.85441528981676,436.5045513478902,228.37200155081769,251.20611443295377,203.24551280516675,661.278409902501
35300347,10329.888063794026,10218.238844993359,10081.159261458355,9673.341666181963,9426.836739280257,9309.671962147224,9136.211214139359,8834.529224821063,8505.699358721735,8335.492972308086,8109.48399727142,8079.257996843847,8026.679840179739,8003.207161175642,7976.270194492317,7926.635980771064,7828.4697496859435,7786.064387009024,7756.8011829218085,7689.626149361621,7623.306491109721,7552.922700930051,7484.442922334326,7421.270349197529,7351.807926946521,7284.796850034476,7129.395728369188,7008.943047452015,6893.469100588143,6730.926018712244,6535.63952217288,6183.957555467509,6032.876760028506,5880.213658230892,5694.289090868242,5632.065615429823,5437.21730114032,5279.169396714276,5027.229444440548,4872.833432378026,4717.766083648876,4620.667844237955,4538.700941009863,4514.187604408937,4355.9427804604,4241.426371558542,4111.167004162916,3961.0443444860416,3814.9601982588724,3708.689459113536,3580.6436672622244,3457.445829883744,3362.614615462923,3276.2927244560997,3183.4733309149638,3090.967329163226,2878.7446266036777,2787.379654148883,2777.23035705996,2594.2258124936675,2432.649159209237,2323.731176554692,2197.8909560319453,1981.4859841695686,1713.4077060826578,1510.0199982413938,1304.7754945944478,1145.4793585054783,1124.8765763753252,1049.2561268450536,969.5326889215634,769.3065027303247,672.0456562743592,561.2535727332157,473.21690622766897,385.4775358014528,308.18606435744465,250.09962858052054,223.21416592562244,224.6895840090155,253.8684757692804,152.04834958825387,555.2692365225022,571.2121346735887,975.910236096919
35300348,10096.483473883723,9982.947975126153,9844.293369145027,9431.123476934134,9181.22110775999,9062.751208616917,8887.011597306933,8580.860678690178,8246.775317405594,8073.813513080891,7844.221400753652,7813.344362193849,7760.059749349047,7736.035340115469,7708.744482312706,7658.214192779946,7558.340629663938,7515.373618515153,7485.4721837412135,7417.123123714612,7349.625580139593,7278.213637238947,7208.532652174672,7144.321206960391,7073.616060153195,7005.57767066765,6847.4529662928835,6726.731174781148,6610.888494234072,6448.0585725388555,6253.163110783334,5902.558819480694,5751.653706029485,5599.859919532466,5414.707993764687,5352.8071589845595,5158.936365649406,5001.702571539132,4751.11196807498,4597.590205782362,4443.405737708445,4347.167051117208,4265.77775207006,4241.593030315055,4083.992494557048,3970.6759081531104,3840.7431585427785,3691.869600634359,3546.5598702345046,3440.6861681199175,3312.8612672217328,3190.5842449833317,3095.847867169787,3010.4111889189453,2918.0855914230992,2826.319592262617,2615.9681426066695,2525.696031712594,2510.736416652271,2328.7248918131368,2175.3393332928463,2069.2894139728705,1945.748572322934,1736.2293129196482,1477.0614016266425,1289.6903152469479,1056.3141357548882,923.4685486290851,942.1267895973747,883.505464429296,825.3976115007032,526.024306907276,444.08877336296035,363.4103258469237,315.3237022298441,290.79098193895436,300.2900802818512,335.56213186945416,390.5385008924107,455.1229928597798,516.7212364930817,442.3898651722674,853.5301263272797,811.4969095185827,1277.286945404533
35300349,9820.671054072616,9706.731290832486,9567.757461018577,9153.616498720226,8903.197761221549,8784.55250390567,8608.537053500173,8301.968254315112,7967.625385573875,7794.642581979637,7565.155403627598,7534.314886210548,7481.076087256347,7457.092405289637,7429.829747770843,7379.3790904556545,7279.690086632444,7236.793410406268,7206.978416937113,7138.805722931495,7071.509098592936,7000.292798607405,6930.866348544414,6866.89835158462,6796.514823226772,6728.7682817370305,6571.544063313492,6450.918274295691,6335.212102643544,6172.488261308888,5977.4326759975875,5626.415632719291,5475.441606807859,5323.346825879534,5137.940804592032,5075.93899373296,4881.77698869987,4724.317678865006,4473.386097600221,4319.6646439403785,4165.294493582411,4068.893704077669,3987.4024616980364,3963.1641033516103,3805.4568898563,3691.97452719537,3561.994689195151,3412.981996502085,3267.596882497656,3161.687013159677,3033.839324582401,2911.5011284702,2816.7552250896024,2731.278069528674,2638.9345158596157,2547.1520206168407,2336.805673035436,2246.566213752616,2231.6012559321193,2049.558042045715,1896.5646484826764,1790.9014818661856,1667.7916529444908,1459.9763550424902,1204.2045280110337,1024.9186730773597,781.0788423882606,662.7896253150885,709.0316223925229,667.2878926167468,632.525713248124,265.13701055047346,211.55437267465925,205.7137339244059,247.39493386414244,316.68600510390354,398.34240491140287,479.8515270568189,561.9332603220391,647.0875669455987,720.6814341827338,709.4916568412748,1117.9902637000675,1090.629361047224,1538.116166859963
35300357,8506.900939872756,8388.71492739458,8246.327174018448,7820.914317835656,7563.697486747332,7442.554957079898,7262.257938013033,6947.737676227784,6604.983601133209,6428.076186721583,6194.070427345706,6162.48196726141,6108.46917489128,6083.895727434208,6056.269538551243,6004.92861191744,5903.698458148657,5860.3434130468595,5830.032477320088,5761.034876910014,5693.0261496173825,5621.289769724815,5551.38020933345,5487.110879977087,5416.518185564759,5348.731781331111,5192.048415040065,5071.532818488007,4955.995971110849,4793.421327890807,4598.173635252265,4246.732710263848,4095.704923421166,3943.408586607073,3757.9141302223234,3695.9009182356185,3501.7965765205704,3344.492651684357,3094.0398985541196,2940.781230511793,2787.007879959041,2691.291213440089,2610.3380527384434,2586.415443448412,2429.481923096002,2317.4855327628097,2188.1194958462597,2041.1488591281186,1897.3923357878482,1792.5360946101994,1665.6367304959992,1545.7632760523045,1451.853454782667,1369.062784791895,1278.8539275619778,1190.1736096506431,989.5600130830567,905.8801897351709,874.6238577461125,701.179671792552,599.6987367665788,528.678466260611,454.3104720906514,416.9859855698518,503.1401508598642,682.0707816700134,687.8356291226427,894.5969821469694,1031.9366698619563,1123.7888291064692,1222.9063430583087,1180.1945258698088,1281.9474131788127,1401.0405379055396,1498.663452578196,1600.293727700274,1699.7736609202673,1792.1669186634713,1879.412284329297,1970.288507209351,2047.3083071656845,2087.197912121129,2490.8931421184907,2466.53189858865,2903.718238884302
35300358,8296.359818102133,8183.9217141340605,8046.351997325272,7638.117584605092,7392.438335081871,7275.839540468165,7103.714157176219,6806.035170839181,6484.555604783079,6319.5071642164385,6101.746729146145,6073.204430790012,6022.561422230933,6000.6240906328985,5974.720185538299,5927.759621254194,5835.079390710591,5794.619648621483,5767.591758148908,5704.769830073876,5643.096233800502,5577.054333990669,5513.905504577326,5455.637297787273,5392.375094162177,5330.848065253673,5191.3796856111185,5073.295958156023,4960.85220856506,4801.278017478753,4605.031797170855,4249.615000067964,4098.83855349171,3942.3731055699,3753.7439976284513,3690.287612877893,3491.94649799571,3331.1455421610112,3074.9237318715336,2917.902891343399,2760.380520719317,2660.2975786735046,2576.6517160093626,2550.880663648168,2391.9542587203405,2273.5418235526536,2144.0308938545736,1990.8450501100779,1844.1755169412752,1738.482975695145,1612.7050465989446,1488.5600530626984,1396.3739724600705,1308.636673152075,1216.9510209372113,1124.6475011070413,913.7047826464478,822.2655142617364,843.758840631691,675.230319446976,477.0643928408475,366.9792063315641,256.90269275976397,136.94075368389466,325.7891629639997,529.3324516808724,750.2481849894698,889.8686608987431,941.8034015629938,1033.791037384131,1134.4101213387366,1277.5790134061367,1367.7787695608702,1474.253507555462,1563.2046638412332,1657.5378534895392,1750.589737595767,1837.8873993586562,1919.2850951790651,2006.0551972064059,2079.589704689646,2186.7709501546506,2561.1306905957003,2600.5067141279214,2945.4644056690445
35300361,7760.945728695009,7646.610409574517,7507.495894802806,7094.252783112465,6845.624683245046,6727.943727610917,6554.013023420758,6253.138537292298,5928.597184922166,5762.304319225179,5543.370051119713,5514.677720738361,5463.890428728266,5441.8609584724545,5415.904006661991,5368.841325223304,5276.087898341151,5235.641553808753,5208.65145988019,5145.967594672785,5084.525527667746,5018.772685176205,4956.059694149727,4898.266717026807,4835.693015483916,4774.855655494058,4637.7268387401355,4520.129758855872,4408.301801383552,4249.4283919625095,4053.284132599887,3697.74245266123,3547.2816619254077,3390.3907571883933,3201.6141431498913,3138.050648162677,2939.455705718388,2778.4795833724143,2522.033835023057,2364.900764370832,2207.327075945623,2106.918687747564,2023.181200938471,1997.2222608688146,1838.7119743853045,1719.863280488632,1591.1105783042308,1437.9305397702424,1292.017600031822,1187.3294461216667,1063.6194621828743,940.769600939087,851.3838990093188,764.9197586199338,676.5099517674901,587.9495129880531,393.4434726209197,315.2950607148866,373.01709632677256,296.8481281226636,227.33269485225046,290.33823424330984,398.16663184984134,601.3857168726889,870.2302201882752,1086.0801560139416,1281.3593135699195,1439.944812017284,1500.4540578219608,1592.7186838855873,1693.4015586570508,1817.043830307487,1911.083580572198,2021.2529072613008,2112.5392688015213,2208.7406901305058,2303.289787271355,2391.7003862541883,2474.133342446259,2561.6543570110634,2635.752825763468,2734.1566675854306,3114.491321795417,3142.6779538088545,3502.5128376258567
35300363,7424.306544762184,7307.383375628852,7166.144311826685,6745.625628795108,6492.37718293914,6372.931281319601,6195.91372951121,5889.026854429347,5557.566825070887,5387.746771109297,5164.365429654219,5134.896587529446,5083.256224323312,5060.584716204195,5034.206905324872,4986.109730723495,4891.432207120455,4850.35650918109,4822.6843886112665,4758.760303054346,4696.118454536259,4629.340467562874,4565.498001076893,4506.77061632124,4443.151326583793,4381.494907591207,4242.515609815016,4124.645742910193,4012.5130492543094,3853.3379242574347,3657.1450304227856,3301.6318925273436,3151.042384592651,2994.303914704602,2805.5740273289293,2742.051003226436,2543.552237005976,2382.643682861591,2126.282826830834,1969.1901476900855,1811.6238598154314,1711.385811700022,1627.6917131011667,1601.8464054174422,1443.0576195676756,1324.4586357834194,1195.2230786379605,1041.9988576241803,895.6567596425376,790.5382767427852,666.3641304486318,543.4949876175931,454.8008488897884,369.2774178096213,284.3768692737918,204.0513371261015,132.63987524351597,186.8156448396477,247.83547865260266,389.2348388770399,516.5504832121231,624.453265966289,750.9343026254085,972.4484237856393,1247.6484010343752,1469.7173886913724,1643.3875031366813,1814.34857818541,1886.1557411320832,1979.572153193488,2081.183430892915,2179.3450842526345,2276.172144922963,2389.3477664300444,2482.730949709856,2580.7529712464006,2676.905264877195,2766.611831299511,2850.3991888172186,2938.9688953887385,3013.9303175390505,3100.1913895177504,3487.4499850024645,3501.8871208212868,3881.547788106581
35300364,6891.646112518518,6775.459965483654,6634.903677016076,6217.349128650102,5966.558290375424,5848.1852326139015,5673.249073216472,5371.268956362906,5047.212405009925,4882.11728423253,4665.928051725317,4637.884429852542,4587.8865799417035,4566.495444122086,4540.987401007545,4495.110834475262,4404.950550906634,4365.483319551822,4339.619897060275,4279.22689553205,4220.3316162048395,4157.077868434745,4097.50924705775,4042.717991363027,3984.0391691413874,3926.7917945037007,3800.480102832597,3685.2478734558285,3576.3043827197903,3420.84203276069,3225.928476427554,2871.635798230044,2723.4031395628544,2565.7135766121723,2377.676467619661,2314.141534960746,2116.1438937688945,1955.9966437750593,1701.678487493575,1546.4395621541653,1391.621230340226,1291.568237210035,1209.4156370391743,1182.9807795836634,1032.4254391008542,915.5721913915099,799.7549822314858,659.21593575257,539.0346511407301,465.61355284542583,403.9212457200271,362.2141665061577,371.28069637092284,384.6132145097638,427.71664327707407,482.12587002159523,642.2099276761139,718.7614572050695,763.6256644219455,923.3394076806659,1044.3434304139905,1146.3996653793208,1268.9272578820442,1482.0986659088453,1752.1740788058855,1966.4905744520152,2160.7970396498563,2321.8909772865964,2378.77455660687,2469.88899192595,2569.4294730479173,2697.125668438642,2792.0081770478623,2902.828004939862,2994.3871631159227,3090.6856081350584,3185.1969148322746,3273.4820815647886,3355.688204386762,3442.9526532036753,3516.7854895699043,3615.5626998751254,3996.3781949019135,4022.350080807041,4382.949118084059
35300365,6917.566532552547,6798.2965363852645,6655.184852371671,6228.382723812105,5971.2970528785245,5850.437073200132,5670.98552951574,5359.58770396143,5023.46433688721,4851.568195016589,4625.973561032734,4596.174345486134,4544.197189038378,4521.287535074502,4494.763552020157,4446.336437162926,4351.179168650911,4309.9901591422895,4282.222111913831,4218.2064148475865,4155.594069950154,4088.952181532199,4025.40566291698,3967.066736843115,3904.081379607315,3843.1141781263796,3706.7088309616006,3589.4224354276685,3478.0434269556613,3319.7653884905235,3123.7722331158707,2768.2584448241405,2618.164756073713,2460.9528789370875,2272.1424073377448,2208.5145934693396,2009.8021000010663,1848.7685438945264,1592.3087469115521,1435.2140410220377,1277.7736277142105,1177.1272651944782,1093.4040641529236,1067.2637731024918,909.5915556561064,790.4253063170214,663.4403587439488,511.36689896187295,369.82711779399693,273.3115080241062,178.9418300659853,132.98999646644634,176.94430456038432,235.22544807774673,317.05953768251004,402.58566221582987,607.7517355661728,697.643994315418,718.217916846581,896.7126598131574,1051.8663161652548,1162.4180472523026,1289.7492341073514,1512.5302183570193,1788.0109034443096,2010.2685192106148,2179.939160566647,2353.852733104809,2426.662108652599,2519.992218124363,2621.4974113726166,2714.8699659804047,2812.55772029767,2926.6287397869596,3020.601264903089,3119.1046312676917,3215.6588039025123,3305.670926116695,3389.7653868006983,3478.551107683454,3553.6801193473975,3636.0854667859644,4025.6490886038064,4034.4180468454833,4421.323835536458
35300366,7233.903995707472,7110.271500374628,6963.625900814965,6523.708699617179,6257.495918003416,6133.070019771404,5946.984429068984,5621.365168083002,5266.39329698785,5083.591505453067,4842.6008560850005,4809.817465616184,4754.579521973701,4729.047862085495,4700.838895243776,4648.042564312245,4544.250427783586,4500.125432077202,4468.962066471268,4398.528417446174,4329.245201870871,4256.549151713917,4185.7018115011,4120.801208695747,4049.6909324241033,3981.6907322114726,3825.512745571967,3705.152004731878,3589.8609732644463,3427.52420657904,3232.024132476328,2880.010393740409,2728.9184858813906,2576.382126841518,2390.8519985113016,2328.8775990875824,2135.106227366647,1978.3594494260285,1729.51998905634,1577.8776744026582,1426.3413229588723,1333.2209643216634,1254.511432220297,1231.8336833595242,1079.0648777720173,974.4275918106714,850.4539071671269,718.3518472540679,592.6871612560028,505.6108664965,408.19034259365543,347.8982220101105,313.31322191380497,321.3441892336005,345.02408499845717,393.466232335699,549.7747805677643,629.6004314748105,591.8541609057057,760.4283614144837,956.8804943446879,1068.8764988238918,1191.1803076854346,1413.761764289615,1682.8128470783545,1910.7572780033822,2024.368417257435,2218.2661522354333,2321.177180499533,2416.4840187988293,2519.446111121972,2541.990095567867,2643.126189766684,2761.357441933255,2858.371287829093,2959.541052911021,3058.5809371901396,3150.6462409240225,3237.2716015263413,3327.8630549326135,3404.5877947397166,3453.9820189998363,3856.3494221503747,3832.071135115886,4266.370329138641
35300378,7822.488627403212,7700.644449245978,7555.360735485486,7120.001629370593,6856.516184280172,6733.051808438987,6548.637023376569,6226.067719825823,5874.089190363139,5692.514860628016,5452.676328112694,5420.043890859281,5364.940263686645,5339.499501611034,5311.337927253353,5258.63329422868,5154.881861312096,5110.729920337236,5079.508489709551,5008.891774001495,4939.31702250226,4866.274151347147,4794.896245721341,4729.422649337815,4657.472131722959,4588.642290937084,4429.572632324664,4308.856965679935,4193.052514795952,4030.275187584766,3835.3058512114776,3484.7593207155674,3333.9077379241335,3182.494392444687,2997.911296491806,2936.308140111412,2743.5839199067095,2587.5984406177863,2339.724312739788,2188.4373221528917,2036.958991098995,1943.5611603098628,1864.4140255152442,1841.4488607648077,1687.3642554354883,1579.9460337134924,1453.2799994954437,1313.2512214162218,1176.1066483780883,1076.403780824912,955.8920506770941,848.0834468636664,762.0616185111246,694.0128035871695,620.2346181184076,555.2563237863945,445.1737045215834,425.96137259152556,344.16407350365415,352.2287264185652,518.5211944785607,602.3371159938749,696.60250674686,893.5575180510282,1140.0396154611237,1362.9925353483393,1440.1297743623154,1640.9942074293076,1759.1682751696553,1853.9765548447992,1956.1489363038072,1945.0759850141646,2046.756963721255,2165.728367891774,2263.2622732830014,2364.83228065515,2464.252457239754,2556.605979169447,2643.739918356175,2734.5818385172456,2811.558467150474,2850.747436037106,3255.508001661895,3224.219182411508,3668.79174141864
35300381,5760.624551150002,5630.908499454303,5479.774011212276,5024.184079714225,4748.197466254106,4620.332336949201,4428.035346771878,4090.492028891701,3722.9043332231113,3534.4904621310834,3287.6787574930104,3254.032067592104,3197.98764309058,3171.8634350323096,3143.3261610880063,3089.795804680353,2985.1501314283933,2940.9163984963034,2909.7392091978036,2839.618961042829,2771.134052044427,2699.570569340054,2630.6368484822915,2567.957093760374,2500.2777574011984,2435.840410017391,2292.800475479611,2174.788891749009,2062.735273192503,1903.9938285910657,1707.9349054430531,1352.3991413569731,1202.2681833113475,1045.0699435482447,856.2579787460613,792.6420630863665,593.9572250196853,432.93902911144534,176.46485335473,19.327708864907148,138.2486527868315,238.77540782206023,322.51224743315595,348.63949885455213,506.8651918400553,625.7647871807651,754.6418870810502,907.8654585139897,1054.4082917924861,1160.1952227442684,1286.682767174889,1411.1549124056125,1504.6556905946818,1592.5162284362762,1685.3301156602802,1778.5559927900856,1992.5118744597212,2085.2496466895964,2083.5755771303197,2266.7112423941085,2443.9627112026483,2557.5182427616783,2685.4218964706665,2911.1678018180396,3187.127386558733,3412.822572586628,3559.9601220653103,3744.6330699555547,3829.4224300501783,3923.7577602756724,4026.0843700489495,4087.3141142793966,4187.436999642267,4304.343191446572,4400.356199981803,4500.646249329129,4598.835617632179,4690.191730418348,4775.838991529923,4865.772454364022,4941.887705036787,5004.715763810665,5403.271486069088,5388.434895090977,5807.889564356663
35300396,6345.426177298562,6221.21862221722,6074.214358805235,5633.682313577608,5367.689814758828,5243.485126352617,5058.015328276484,4734.58495637125,4384.263735163127,4205.023160749553,3970.1015981744094,3938.644800215084,3884.8865977944274,3860.6023644868915,3833.200071272033,3782.5817011587046,3683.365243646764,3640.866686469057,3611.659021140271,3545.0572183702316,3479.9667893763,3411.2435856750158,3345.434175628107,3285.2699360637794,3220.3090654186067,3157.8685814590517,3018.559185954166,2900.922641689512,2789.2004754411437,2630.646776989671,2434.6018947409725,2079.0678666106332,1928.8958577524825,1771.737628996733,1582.9258731793548,1519.3109324552338,1320.619701966054,1159.592520147172,903.1136594721937,745.9889766215431,588.4963108445373,487.9001571225615,404.15716741898495,378.0905168022236,220.43725362407997,101.26699965240665,41.82156642134299,184.28698634034134,331.11463432144467,437.64988079483066,565.5574330953273,689.7518146946069,784.2842604946765,871.663470067816,964.7987244047383,1058.0296233308766,1272.0520890484722,1364.6505039253057,1368.4408552387968,1551.7265718234667,1723.4942124162474,1836.4394494728633,1964.4128325285237,2189.5525625031732,2465.6460836288193,2690.3330405087395,2845.760064972447,3026.6550247188766,3107.0827233068458,3201.092092192656,3303.156160582098,3376.7496065695977,3476.037921946166,3591.950048424127,3687.2447504483835,3786.9088425137024,3884.5200353916002,3975.4009211768534,4060.477773146256,4150.000744113325,4225.758139226058,4296.6733415878425,4691.772201260428,4686.885202913719,5092.8339457052225
35300397,6631.152945094758,6506.989406964452,6359.98740354777,5919.216520897982,5652.833684660341,5528.430986469918,5342.518134847957,5017.824558790804,4665.191589448164,4484.291113941726,4246.632767247198,4214.589913075586,4160.176423593904,4135.346529772991,4107.589193927129,4056.0210569518536,3954.821951558008,3911.6182630876815,3881.5728422915336,3813.329867562665,3746.4520770440017,3676.033559368769,3608.0901694345034,3545.922698599107,3478.3736191034636,3413.5896140204727,3267.2235369064365,3148.2953378759107,3034.9227962635496,2874.5061365672514,2678.243092694216,2323.220650205262,2172.155153183183,2016.4250730294357,1828.2732365566578,1765.1014963999069,1567.6381242424152,1407.6547851290445,1153.0237043931581,997.2772377437609,841.2545529794568,743.7420505252143,661.9183665698979,637.6748433087338,480.55314428722187,370.99020171875355,245.82115619274916,132.9663756203673,133.0390691844112,208.79560720644062,321.2025986806601,442.435887958465,532.6558663408541,620.1925357401246,711.8277651165141,804.4813254441405,1017.4981815052902,1110.0964274602218,1105.7268429672845,1288.7408294098555,1468.0149418789536,1581.898521631288,1709.5909961989246,1935.6117551582822,2211.234972558615,2437.6922339951757,2581.8567500318263,2766.842853244373,2853.904720210749,2948.51453743499,3051.0712836961816,3109.7828610187316,3209.7386014137696,3326.477186932527,3422.393665810419,3522.617908388286,3620.7618853675885,3712.092606352297,3797.724009008431,3887.6570829289526,3963.77970961651,4028.040313616174,4425.667174937242,4414.555906386117,4829.7962971708175
35300440,9233.043509561237,9126.948445405294,8994.749497724059,8604.495123851084,8370.051884255357,8257.799947837806,8093.121826103289,7809.686043677257,7504.343839194622,7347.464526157538,7139.9886927821935,7113.222273865802,7064.567477035293,7044.097585830266,7019.176501876089,6974.6048896308985,6886.389920403153,6847.4095872059925,6821.966095459068,6762.056422340146,6703.222133138623,6639.6399493066565,6579.22314184652,6523.252654972131,6462.6102449066375,6403.191461179161,6268.775837302263,6151.497692402797,6039.975668682405,5881.343951434179,5685.236266012526,5329.689291463069,5179.3009035847135,5022.33590255672,4833.541016090784,4769.956830193814,4571.315267381385,4410.309296350984,4153.835953918194,3996.6975525719436,3839.1421924764995,3738.6460263560884,3654.898875309513,3628.8730015185124,3470.5629164135867,3351.6074952252525,3223.104837606068,3069.9598595665116,2924.126289702962,2819.3621064297213,2695.0939447714095,2571.6311795650895,2480.693111396458,2393.3068290033207,2302.47859848534,2210.8295611366602,2001.2241950987004,1910.123480164278,1930.7014535233411,1757.692280763981,1562.3501246964345,1449.4879247452295,1327.2741507236424,1108.028685130673,854.6839956447751,639.5822773799101,707.6915729523088,536.8610917396879,362.1142860711415,325.1364698230009,317.0007079510251,724.359265114714,736.6661425291969,765.6758080416649,802.7855863701303,853.3888527279902,911.0361215027823,971.317153393988,1029.1450755065232,1096.9214005838676,1156.2151397223317,1349.1745610730613,1644.4213579032705,1771.5620289668143,1974.04200293975
35300454,9465.511550601337,9354.36729460786,9217.785068741317,8812.17979580847,8567.531621301772,8451.185559901485,8279.291167030471,7981.231599450268,7657.703302796631,7490.784082192596,7269.641252353497,7240.3694793667155,7188.868125492218,7166.245342204335,7139.871693499699,7091.68578288176,6996.426226974241,6955.028793689205,6926.921873975861,6861.962386295884,6797.969253644094,6729.719191082989,6663.830312798808,6603.005141887959,6536.475043798873,6472.014526910616,6323.8924277621045,6204.369880589061,6090.117961737327,5928.67300457162,5732.629266400299,5378.64085256487,5227.400961623462,5072.742172562173,4885.2293846869725,4822.326974682405,4625.50518667905,4465.880119048072,4211.44811257205,4055.5079237994496,3898.9523711366155,3800.3016848006305,3717.3775861026097,3692.2589018801045,3533.222929005906,3416.703855877509,3286.285818285185,3134.343064355802,2987.4131467021352,2880.878094633191,2753.036481114289,2628.775953727733,2534.2942943199146,2446.8655405247077,2353.7293456900898,2260.510064327229,2046.557859875175,1954.0667973875204,1952.739889562187,1769.696703726228,1595.55355977341,1483.505225985725,1355.8315461824861,1133.2996161043454,859.3656756397946,647.0781611730756,484.78063862466945,291.87713961783004,268.5361525497028,218.50048797631624,201.66708101874522,207.57354427601234,238.76958243081998,314.04329169012937,392.81620078843787,483.0538696194974,575.0101512957011,662.6247087334807,745.180333724825,833.3480673011111,908.2864521033463,1015.5705842930782,1385.7214035702084,1435.8335293437897,1775.928173973684
35300455,9329.609780536244,9215.892081786842,9077.14280941332,8664.06044245585,8414.56908108704,8296.335700873791,8121.121644697563,7816.445947538829,7484.936670434159,7313.735820923574,7086.911299233371,7056.600145022522,7003.952384753684,6980.442749362778,6953.490045156521,6903.845024867181,6805.777352342612,6763.44032186104,6734.276551119354,6667.34877948521,6601.36410738401,6531.3486856139425,6463.391452383247,6400.756616675286,6332.046696089883,6265.755261831324,6112.717561039075,5992.569423579078,5877.513808664784,5715.3351385954875,5519.701405980326,5167.064278448889,5015.87407004774,4862.474191083931,4675.965392324954,4613.505738280188,4417.991791759938,4259.440482170915,4006.7622022521778,3851.947981989173,3696.5059031411965,3599.07276371032,3516.9099719930086,3492.288560483362,3333.874214859364,3219.0626918520684,3088.7533032644546,2938.4281784781188,2792.2627698743127,2685.962965005235,2557.909003925003,2434.664337911675,2339.833464628849,2253.5014372537826,2160.6902872521982,2068.216154641286,1856.1766308543586,1764.993648356676,1754.479147994601,1571.4410396027288,1411.5162773693207,1303.9782578737488,1179.5151869967947,969.0717158837274,713.4101411230041,546.4125496564583,289.62457582015656,218.70158348399926,358.30411063275415,387.10685078173293,437.52082601770815,254.4442257293953,355.13417435440033,473.4809618318731,570.8093873871259,672.3016236714309,771.6846056655667,864.0279060813219,951.1742946617461,1042.0299764347249,1119.0275439875866,1174.5077401902304,1570.407023415184,1574.5294592853868,1978.3565192752944
35300456,9759.59457279856,9649.656826989934,9514.080758074675,9111.788230170005,8869.158908470969,8753.577002993672,8582.981728774223,8287.353797879876,7966.476388728532,7800.8470848034385,7581.266245965157,7552.259461970961,7501.046020295322,7478.638477553146,7452.404482052882,7404.559421205045,7309.920778970586,7268.721557268328,7240.829016294929,7176.2516240987625,7112.619802906596,7044.669364251681,6979.103676007038,6918.537388074961,6852.28790936758,6788.036900052722,6640.349813116664,6520.872079309221,6406.671218479773,6245.269185667545,6049.210309353654,5695.158805223947,5543.92221313875,5389.190327766347,5201.61682618495,5138.68499591351,4941.771936919763,4782.0666105578775,4527.494270528195,4371.458261835652,4214.805369347849,4116.031779826118,4033.0324425516314,4007.8575105955306,3848.7799788687153,3732.0679013883814,3601.6738743257997,3449.560070257586,3302.5787453222274,3196.055347376554,3068.300426333406,2943.9613152753172,2849.577440288594,2762.049955847109,2668.92767921806,2575.6703963510768,2361.627799142338,2269.044053321532,2268.785756505716,2085.8563059418857,1910.2882276119133,1797.7855522715954,1669.9286157956255,1446.2200440521347,1170.976026331284,952.7984830036876,800.5345635524194,607.6966550468069,545.5577448298501,461.8252371592133,375.797182956242,351.87511173186226,270.7954102064765,199.0149603542762,183.14621527733402,219.71553642748245,287.4639990788896,364.1493809745501,440.1430766905505,524.7871213305737,597.6695385646748,736.9851167308566,1083.1845489510058,1162.7772307536216,1463.9694812454024
35300589,249.80479050465206,257.579233079558,323.70310928367417,744.8641788741076,1034.7760669047245,1162.557547799767,1366.2147191371373,1740.3352638492427,2163.250560655541,2384.0758147144306,2675.3476911186453,2720.94476470926,2784.064617655066,2821.3478174741567,2853.4083909290953,2921.9827188164295,3055.448861238379,3106.2700217200913,3151.3463525109178,3243.4603746250823,3335.4602907166286,3424.265677892992,3519.246882708714,3604.2832285614822,3702.4478574960804,3790.1482829554143,4010.211756786412,4098.986933649199,4190.12093015236,4310.23145067516,4428.7485902667295,4645.51854409685,4754.350128160001,4846.628516088949,4973.513219236796,5015.606012565355,5152.639832021903,5267.844405683044,5458.154553990392,5578.276068713942,5701.9333134258395,5776.384148169265,5842.494471405285,5860.343543592685,5996.764909722073,6088.253874999134,6205.62013332433,6333.393517388465,6463.835191935246,6560.94119413831,6680.598167593603,6791.04671526296,6880.940696608283,6957.782945163394,7043.886899436602,7128.699083920333,7324.434824397977,7408.3128736992285,7440.99010472467,7612.763706680539,7739.421461319134,7838.673916117596,7957.665434111908,8160.452318035949,8418.811384237004,8616.038453112757,8839.383600686988,8981.777167234886,9008.35206482947,9091.798916500677,9183.54832155765,9371.357040126353,9461.5448822384,9566.253535505415,9652.676431033276,9743.720363835359,9832.933674696735,9916.333006015328,9993.134121319228,10075.460802431222,10144.92121434743,10276.399335312646,10635.280826180127,10693.655032844294,10992.53716316403
35300708,10372.67963315109,10265.349234721798,10131.970140167841,9736.901078315092,9498.68493643394,9384.786437245006,9217.047343268345,8926.780087801832,8611.802386500009,8449.080377767521,8233.071331844747,8204.675599443632,8154.133031489687,8132.225943851275,8106.320006209086,8059.276339902558,7966.1154015962275,7925.3949556714315,7898.021120193926,7834.380873993001,7771.650518863311,7704.463394301162,7639.738790195218,7579.865579602306,7514.393636050441,7450.749753520793,7304.462136165788,7185.1533316837595,7071.1537247874885,6909.9338448516755,6713.8168825601515,6359.529698763328,6208.311809660209,6053.323882897064,5865.555802158896,5802.531982370719,5605.346716049128,5445.414705923241,5190.468420832801,5034.19019975129,4877.302057189336,4778.2277483470925,4695.0540791939775,4669.743880583914,4510.599062708873,4393.451240751236,4263.150532551277,4110.685994829805,3963.6395875960134,3857.1828939998077,3729.6724329299136,3605.211723802472,3511.0843657064374,3423.3834764155395,3330.3380783205685,3237.05051917883,3022.952277001762,2930.24818592159,2932.2453734983296,2749.6509027798484,2571.3508494207485,2458.181464674003,2330.205164473094,2105.138478650528,1829.0784470681685,1605.9674591511086,1466.5863007626879,1272.4460856353694,1190.0781758590106,1097.8631728538696,998.0997466376922,979.3206644405556,879.1319935210626,761.7578443204704,666.3652501853339,568.6177898783783,474.4561680931563,389.825149746483,311.09233492007013,239.52500271681953,191.19175637595401,440.26721642363356,527.0597092679877,742.1348179483348,830.0101907123286
35300728,2127.2288928767935,1983.2544545845567,1823.8640938985832,1335.2577545615814,1037.5775955569188,903.1004771705886,697.6260204905965,343.98007484614936,219.4665476646717,392.87966766702425,665.7324813834241,710.8988440381348,771.4140912783508,808.6928930397643,839.6183572935286,907.241492584266,1038.9741134376102,1088.722559491419,1133.748591311721,1225.0952375168529,1316.4839169682546,1404.3814528526916,1498.921856561142,1583.5306867230627,1681.4021150816304,1768.7242444692054,1988.3766063517019,2076.8950237129243,2169.158530107281,2293.0272997714255,2420.5978957904454,2662.7973756150072,2783.3136896726296,2891.5451334232366,3037.218043429815,3086.0591313640075,3244.14743959195,3376.438300432362,3593.582861071207,3729.7862823825726,3869.012963583864,3954.5715570467914,4028.9832533793215,4050.116495668541,4199.29681574848,4303.302864250258,4429.144427497645,4570.2606985904695,4710.907305962395,4814.348491869435,4940.258005311925,5059.173447419479,5152.987323264017,5236.11991826273,5327.097236223227,5417.357857976038,5625.068611129516,5714.441727211307,5733.930580704152,5913.8962722188635,6064.02299627764,6171.185771327839,6296.267608179897,6512.523559778156,6783.050157904276,6995.726309427873,7189.55174386383,7352.768431111952,7404.925794855201,7494.341049879593,7592.045291165163,7725.953279485877,7821.806591773187,7933.382600547483,8025.233767854606,8121.582342499517,8215.941183116038,8303.937521698761,8385.666409824838,8472.395730741262,8545.672583040907,8645.771144538943,9027.03076163553,9049.396926923815,9410.041382564124
35300842,5411.271543642894,5280.880633009606,5129.289792711882,4672.236652326587,4395.503526268031,4267.423138421201,4074.7987469832474,3736.977630276134,3370.0279134670964,3182.552554873897,2937.832534311568,2904.7142803635675,2849.2677505438473,2823.6782640510974,2795.486443943925,2742.9331103945938,2640.470306139861,2597.047598115804,2566.8814008154422,2498.812863156625,2432.6832843193124,2363.455341442039,2297.6116993417963,2237.9665764671704,2174.3863278582653,2113.8338633666513,1983.3081918097523,1868.155625970115,1759.8175100372991,1605.8868813118324,1412.2144187567153,1060.7862913452334,916.4601235217907,760.2515700446935,578.2994310368981,517.375833387408,335.68424469821304,213.64276769592377,216.80528320035663,336.63009420370844,479.7657839507002,572.4546729144047,652.9602296685131,677.0241733498956,834.9377501735248,950.0405528954067,1080.4700952484773,1232.0718232186775,1378.999119635664,1485.5324170901745,1613.3873783448712,1737.6352882865806,1832.129453283001,1919.5481093372648,2012.6823910262974,2105.915164654628,2319.9291344675744,2412.510372539931,2415.547803181954,2598.8895249395378,2771.3199007494245,2884.151843692586,3012.113872352853,3237.0470641192533,3513.122396054418,3737.332890258968,3893.081741469709,4074.537195907145,4154.062489073054,4247.866170000453,4349.737317992968,4423.0483478175765,4522.646958840185,4638.892598950804,4734.403708365651,4834.2385759786375,4931.990305534482,5022.973897536715,5108.155246383333,5197.742724961935,5273.547168961965,5342.137593888929,5738.56577436431,5729.226097141837,6140.510528429485
35300844,5209.148591527099,5077.4466285472945,4924.932391930903,4464.452089470671,4185.453264352113,4056.577911011458,3862.4378629327857,3521.497117868975,3150.8969193245016,2961.625762181279,2714.8304494055924,2681.3703114767777,2625.590207555509,2599.7439733879855,2571.4032934420998,2518.494248038641,2415.5035748688783,2371.9575367114585,2341.683471699795,2273.5240756677927,2207.4629481975007,2138.4500665317364,2073.0700082241588,2014.0446598806582,1951.5082691694743,1892.1346746949366,1766.2974278297133,1652.5693505634183,1546.1533634379934,1395.0436544927259,1203.5784125127072,857.7463697424712,719.745630138253,568.8115480770135,403.362975149657,351.5583512618264,235.25909767246148,242.48914163461995,415.64267995409466,555.1571442600211,703.2675406031395,797.2593371603876,878.1177168049486,902.2681711945863,1060.2263864777672,1175.1986255696588,1305.614047530016,1457.0321575388439,1603.8989260761587,1710.435649938144,1838.3437692929413,1962.530453280389,2057.076738437925,2144.43439315807,2237.57204588207,2330.7829187491484,2544.7557705877753,2637.3033807150314,2640.7100589259067,2824.048680919248,2996.060600985723,3108.7949740707377,3236.7442806511226,3461.5465780889963,3737.600448879167,3961.5808716320757,4118.232423435041,4299.41705143766,4378.281643899606,4471.996328804263,4573.786897193512,4648.310201249159,4747.889694939275,4864.104819425524,4959.587937140042,5059.393758374508,5157.1145382050645,5248.069357972587,5333.212614069626,5422.769164540701,5498.544536498595,5567.42606063776,5963.798580795649,5954.425248507396,6365.570451965261
35300947,8869.38915748249,8755.664146440038,8616.948617097974,8204.272462063209,7955.2945052608,7837.315633605394,7662.628508030209,7359.314046869428,7030.032520578089,6860.309254817706,6635.771671432197,6605.922271902877,6553.797292889136,6530.705436513922,6504.029630313586,6455.103714855924,6358.4992080753,6316.674613393948,6288.104002044727,6222.3217319715095,6157.553633116123,6088.665064111263,6022.090808291132,5960.721510194084,5893.608149548643,5828.719444244189,5679.746843635975,5560.143804699603,5445.802520716686,5284.285926027209,5088.268661835811,4734.394900467457,4583.150802943797,4428.632298278809,4241.243040518943,4178.40151000526,3981.7745490962675,3822.3270696561453,3568.218176492245,3412.506938894119,3256.191856553247,3157.8410282156647,3075.108299764619,3050.1279071225736,2891.225194866653,2775.2072610675086,2644.7691659189336,2493.3119008463464,2346.578367749691,2240.0652397875315,2112.0610195406903,1988.086753841762,1893.3980624091253,1806.3087997806056,1713.2097205745608,1620.187411048453,1406.7613814858018,1314.7063371975776,1310.0161500029262,1126.735002506333,957.9357458328959,848.1712493748962,722.1803950105528,508.8879500516127,261.60981622677286,201.11550197778485,171.42525198619816,355.3457092308451,480.1183960784358,572.76582753178,673.1365209267404,707.8001772750034,803.6703642441204,916.876524269535,1010.8858284103586,1109.8201414005307,1207.0555602475915,1297.8162297620866,1382.950014917828,1472.6405235412349,1548.623692518601,1627.7627773880715,2016.002739731871,2033.0465704405585,2415.298670596857
